﻿[
    {
        "id": "4f61bad3-0a1a-445d-cf31-08d6872340eb",
        "title": "Egg Burger with Truffle Mayo",
        "subTitle": "Burger with half a pound of meat, truffle mayo and agg",
        "description": "",
        "ingredients": "",
        "minimumCalorie": 790,
        "maximumCalorie": 1350,
        "preparation": 4,
        "delivery": 0,
        "image": "https://cdn.opeqe.com/image/menu/s/45.jpg",
        "gallery": "",
        "price": 10.49,
        "fee": 0,
        "rate": 0,
        "isAcceptingDelivery": false,
        "isAcceptingPickup": true,
        "isFavorite": false,
        "isCatering": false,
        "isAvailable": true,
        "cuisineType": {
            "title": "American",
            "description": "",
            "image": "",
            "priority": 1
        },
        "mealType": {
            "title": "Lunch & Dinner",
            "description": "",
            "image": "",
            "priority": 0
        },
        "menuType": {
            "title": "Sandwich",
            "description": "",
            "image": "",
            "priority": 0
        },
        "courseType": {
            "title": "Main Course",
            "description": "",
            "image": "",
            "priority": 0
        },
        "special": {
            "title": "",
            "description": "",
            "transcript": "",
            "policy": "",
            "image": "",
            "voucher": "",
            "beginTime": "00:00:00",
            "remainingTime": 0,
            "amount": 0,
            "percentage": 0,
            "limit": 0,
            "value": 0,
            "quantity": 0
        },
        "rewards": []
    },
    {
        "id": "a8a3cd65-4887-4788-67e6-08d687252175",
        "title": "T-Bone Steak & Eggs",
        "subTitle": "A tender 13 oz. seasoned T-Bone steak served with two eggs, hash browns and bread",
        "description": "",
        "ingredients": "",
        "minimumCalorie": 0,
        "maximumCalorie": 0,
        "preparation": 4,
        "delivery": 0,
        "image": "https://cdn.opeqe.com/image/menu/s/3.jpg",
        "gallery": "",
        "price": 16.99,
        "fee": 0,
        "rate": 0,
        "isAcceptingDelivery": false,
        "isAcceptingPickup": true,
        "isFavorite": false,
        "isCatering": false,
        "isAvailable": true,
        "cuisineType": {
            "title": "American",
            "description": "",
            "image": "",
            "priority": 3
        },
        "mealType": {
            "title": "Breakfast",
            "description": "",
            "image": "",
            "priority": 0
        },
        "menuType": {
            "title": "A'la Carte",
            "description": "",
            "image": "",
            "priority": 0
        },
        "courseType": {
            "title": "Main Course",
            "description": "",
            "image": "",
            "priority": 0
        },
        "special": {
            "title": "",
            "description": "",
            "transcript": "",
            "policy": "",
            "image": "",
            "voucher": "",
            "beginTime": "00:00:00",
            "remainingTime": 0,
            "amount": 0,
            "percentage": 0,
            "limit": 0,
            "value": 0,
            "quantity": 0
        },
        "rewards": []
    },
    {
        "id": "736c756a-2a0d-471b-67e8-08d687252175",
        "title": "Salmon Red Caviar Sushi",
        "subTitle": "A delicious sushi comes with fresh red caviar",
        "description": "",
        "ingredients": "",
        "minimumCalorie": 280,
        "maximumCalorie": 420,
        "preparation": 4,
        "delivery": 0,
        "image": "https://cdn.opeqe.com/image/menu/s/46.jpg",
        "gallery": "",
        "price": 4.95,
        "fee": 0,
        "rate": 0,
        "isAcceptingDelivery": false,
        "isAcceptingPickup": true,
        "isFavorite": false,
        "isCatering": false,
        "isAvailable": true,
        "cuisineType": {
            "title": "Japanese",
            "description": "",
            "image": "",
            "priority": 1
        },
        "mealType": {
            "title": "Lunch & Dinner",
            "description": "",
            "image": "",
            "priority": 0
        },
        "menuType": {
            "title": "Sushi",
            "description": "",
            "image": "",
            "priority": 0
        },
        "courseType": {
            "title": "Main Course",
            "description": "",
            "image": "",
            "priority": 0
        },
        "special": {
            "title": "",
            "description": "",
            "transcript": "",
            "policy": "",
            "image": "",
            "voucher": "",
            "beginTime": "00:00:00",
            "remainingTime": 0,
            "amount": 0,
            "percentage": 0,
            "limit": 0,
            "value": 0,
            "quantity": 0
        },
        "rewards": []
    },
    {
        "id": "0182b004-63b6-4aa3-31b4-08d68730ae0f",
        "title": "Cinnamon Roll Pancake",
        "subTitle": "Our cinnamon crumb topping cooked into two buttermilk pancakes and topped with whipped cream",
        "description": "",
        "ingredients": "",
        "minimumCalorie": 620,
        "maximumCalorie": 0,
        "preparation": 5,
        "delivery": 0,
        "image": "https://cdn.opeqe.com/image/menu/s/13.jpg",
        "gallery": "",
        "price": 11.48,
        "fee": 0,
        "rate": 0,
        "isAcceptingDelivery": false,
        "isAcceptingPickup": true,
        "isFavorite": false,
        "isCatering": false,
        "isAvailable": true,
        "cuisineType": {
            "title": "American",
            "description": "",
            "image": "",
            "priority": 1
        },
        "mealType": {
            "title": "Breakfast",
            "description": "",
            "image": "",
            "priority": 0
        },
        "menuType": {
            "title": "Cinnamon roll pancake",
            "description": "",
            "image": "",
            "priority": 0
        },
        "courseType": {
            "title": "Main Course",
            "description": "",
            "image": "",
            "priority": 0
        },
        "special": {
            "title": "",
            "description": "",
            "transcript": "",
            "policy": "",
            "image": "",
            "voucher": "",
            "beginTime": "00:00:00",
            "remainingTime": 0,
            "amount": 0,
            "percentage": 0,
            "limit": 0,
            "value": 0,
            "quantity": 0
        },
        "rewards": []
    },
    {
        "id": "16c17fc6-1681-4d3f-31b5-08d68730ae0f",
        "title": "Eggs Benedict",
        "subTitle": "Smoked ham, poached eggs, hollandaise, fresh chives, and English muffins",
        "description": "",
        "ingredients": "",
        "minimumCalorie": 800,
        "maximumCalorie": 1200,
        "preparation": 5,
        "delivery": 0,
        "image": "https://cdn.opeqe.com/image/menu/s/14.jpg",
        "gallery": "",
        "price": 13.48,
        "fee": 0,
        "rate": 0,
        "isAcceptingDelivery": false,
        "isAcceptingPickup": true,
        "isFavorite": false,
        "isCatering": false,
        "isAvailable": true,
        "cuisineType": {
            "title": "American",
            "description": "",
            "image": "",
            "priority": 1
        },
        "mealType": {
            "title": "Breakfast",
            "description": "",
            "image": "",
            "priority": 0
        },
        "menuType": {
            "title": "à la carte",
            "description": "",
            "image": "",
            "priority": 0
        },
        "courseType": {
            "title": "Main Course",
            "description": "",
            "image": "",
            "priority": 0
        },
        "special": {
            "title": "",
            "description": "",
            "transcript": "",
            "policy": "",
            "image": "",
            "voucher": "",
            "beginTime": "00:00:00",
            "remainingTime": 0,
            "amount": 0,
            "percentage": 0,
            "limit": 0,
            "value": 0,
            "quantity": 0
        },
        "rewards": []
    },
    {
        "id": "2c433d2f-5d42-430a-67e9-08d687252175",
        "title": "Albacore Sashimi",
        "subTitle": "A sashimi upgraded with organic fresh albacore to show off the difference",
        "description": "",
        "ingredients": "",
        "minimumCalorie": 320,
        "maximumCalorie": 400,
        "preparation": 10,
        "delivery": 0,
        "image": "https://cdn.opeqe.com/image/menu/s/6.jpg",
        "gallery": "",
        "price": 12.95,
        "fee": 0,
        "rate": 0,
        "isAcceptingDelivery": false,
        "isAcceptingPickup": true,
        "isFavorite": false,
        "isCatering": false,
        "isAvailable": true,
        "cuisineType": {
            "title": "Japanese",
            "description": "",
            "image": "",
            "priority": 1
        },
        "mealType": {
            "title": "Lunch & Dinner",
            "description": "",
            "image": "",
            "priority": 0
        },
        "menuType": {
            "title": "Sashimi",
            "description": "",
            "image": "",
            "priority": 0
        },
        "courseType": {
            "title": "Main Course",
            "description": "",
            "image": "",
            "priority": 0
        },
        "special": {
            "title": "",
            "description": "",
            "transcript": "",
            "policy": "",
            "image": "",
            "voucher": "",
            "beginTime": "00:00:00",
            "remainingTime": 0,
            "amount": 0,
            "percentage": 0,
            "limit": 0,
            "value": 0,
            "quantity": 0
        },
        "rewards": []
    },
    {
        "id": "89196ca8-d70e-4e9b-67eb-08d687252175",
        "title": "Blueberry Pancake Breakfast",
        "subTitle": "Served with two eggs and hash browns, plus your choice of two bacon strips or two sausage links",
        "description": "",
        "ingredients": "",
        "minimumCalorie": 0,
        "maximumCalorie": 0,
        "preparation": 10,
        "delivery": 0,
        "image": "https://cdn.opeqe.com/image/menu/s/8.jpg",
        "gallery": "",
        "price": 8.99,
        "fee": 0,
        "rate": 0,
        "isAcceptingDelivery": false,
        "isAcceptingPickup": true,
        "isFavorite": false,
        "isCatering": false,
        "isAvailable": true,
        "cuisineType": {
            "title": "American",
            "description": "",
            "image": "",
            "priority": 3
        },
        "mealType": {
            "title": "Breakfast",
            "description": "",
            "image": "",
            "priority": 0
        },
        "menuType": {
            "title": "Pancake",
            "description": "",
            "image": "",
            "priority": 0
        },
        "courseType": {
            "title": "Main Course",
            "description": "",
            "image": "",
            "priority": 0
        },
        "special": {
            "title": "",
            "description": "",
            "transcript": "",
            "policy": "",
            "image": "",
            "voucher": "",
            "beginTime": "00:00:00",
            "remainingTime": 0,
            "amount": 0,
            "percentage": 0,
            "limit": 0,
            "value": 0,
            "quantity": 0
        },
        "rewards": []
    },
    {
        "id": "a1aaa6eb-78c6-4a4d-31b3-08d68730ae0f",
        "title": "Avocado Bacon Cheeseburger",
        "subTitle": "1/3 lb. Pure beef patty, topped with hand-smashed avocado, American cheese, thick double-smoked bacon onion",
        "description": "",
        "ingredients": "",
        "minimumCalorie": 1550,
        "maximumCalorie": 1900,
        "preparation": 10,
        "delivery": 0,
        "image": "https://cdn.opeqe.com/image/menu/s/12.jpg",
        "gallery": "",
        "price": 7.69,
        "fee": 0,
        "rate": 0,
        "isAcceptingDelivery": false,
        "isAcceptingPickup": true,
        "isFavorite": false,
        "isCatering": false,
        "isAvailable": true,
        "cuisineType": {
            "title": "American",
            "description": "",
            "image": "",
            "priority": 1
        },
        "mealType": {
            "title": "Lunch & Dinner",
            "description": "",
            "image": "",
            "priority": 0
        },
        "menuType": {
            "title": "Fastfood",
            "description": "",
            "image": "",
            "priority": 0
        },
        "courseType": {
            "title": "Main Course",
            "description": "",
            "image": "",
            "priority": 0
        },
        "special": {
            "title": "",
            "description": "",
            "transcript": "",
            "policy": "",
            "image": "",
            "voucher": "",
            "beginTime": "00:00:00",
            "remainingTime": 0,
            "amount": 0,
            "percentage": 0,
            "limit": 0,
            "value": 0,
            "quantity": 0
        },
        "rewards": []
    },
    {
        "id": "7129c46d-b684-4bd1-67ea-08d687252175",
        "title": "My Hammy & Cheese Omelette",
        "subTitle": "Three-egg omelette melted combination of cheeses and choice of bread",
        "description": "",
        "ingredients": "egg, ham,Swiss chees, American chees, hash browns",
        "minimumCalorie": 1300,
        "maximumCalorie": 2100,
        "preparation": 15,
        "delivery": 0,
        "image": "https://cdn.opeqe.com/image/menu/s/7.jpg",
        "gallery": "",
        "price": 10.99,
        "fee": 0,
        "rate": 0,
        "isAcceptingDelivery": false,
        "isAcceptingPickup": true,
        "isFavorite": false,
        "isCatering": false,
        "isAvailable": true,
        "cuisineType": {
            "title": "American",
            "description": "",
            "image": "",
            "priority": 1
        },
        "mealType": {
            "title": "Breakfast",
            "description": "",
            "image": "",
            "priority": 0
        },
        "menuType": {
            "title": "Omelette",
            "description": "",
            "image": "",
            "priority": 0
        },
        "courseType": {
            "title": "Main Course",
            "description": "",
            "image": "",
            "priority": 0
        },
        "special": {
            "title": "",
            "description": "",
            "transcript": "",
            "policy": "",
            "image": "",
            "voucher": "",
            "beginTime": "00:00:00",
            "remainingTime": 0,
            "amount": 0,
            "percentage": 0,
            "limit": 0,
            "value": 0,
            "quantity": 0
        },
        "rewards": []
    },
    {
        "id": "35e2287b-89ec-46c0-67ec-08d687252175",
        "title": "Gordita Taco Combo",
        "subTitle": "Served with rice, beans, and chips",
        "description": "",
        "ingredients": "",
        "minimumCalorie": 450,
        "maximumCalorie": 750,
        "preparation": 15,
        "delivery": 0,
        "image": "https://cdn.opeqe.com/image/menu/s/9.jpg",
        "gallery": "",
        "price": 9.89,
        "fee": 0,
        "rate": 0,
        "isAcceptingDelivery": false,
        "isAcceptingPickup": true,
        "isFavorite": false,
        "isCatering": false,
        "isAvailable": true,
        "cuisineType": {
            "title": "Mexican",
            "description": "",
            "image": "",
            "priority": 1
        },
        "mealType": {
            "title": "Lunch & Dinner",
            "description": "",
            "image": "",
            "priority": 0
        },
        "menuType": {
            "title": "Taco",
            "description": "",
            "image": "",
            "priority": 0
        },
        "courseType": {
            "title": "Main Course",
            "description": "",
            "image": "",
            "priority": 0
        },
        "special": {
            "title": "",
            "description": "",
            "transcript": "",
            "policy": "",
            "image": "",
            "voucher": "",
            "beginTime": "00:00:00",
            "remainingTime": 0,
            "amount": 0,
            "percentage": 0,
            "limit": 0,
            "value": 0,
            "quantity": 0
        },
        "rewards": []
    },
    {
        "id": "d32e79db-c9a6-41f0-67e5-08d687252175",
        "title": "Noodle Plate",
        "subTitle": "Plate of fresh vegetable and chicken or beef",
        "description": "",
        "ingredients": "",
        "minimumCalorie": 0,
        "maximumCalorie": 0,
        "preparation": 25,
        "delivery": 0,
        "image": "https://cdn.opeqe.com/image/menu/s/2.jpg",
        "gallery": "",
        "price": 9.2,
        "fee": 0,
        "rate": 0,
        "isAcceptingDelivery": false,
        "isAcceptingPickup": true,
        "isFavorite": false,
        "isCatering": false,
        "isAvailable": true,
        "cuisineType": {
            "title": "chinese",
            "description": "",
            "image": "",
            "priority": 1
        },
        "mealType": {
            "title": "Lunch & Dinner",
            "description": "",
            "image": "",
            "priority": 0
        },
        "menuType": {
            "title": "Fast food",
            "description": "",
            "image": "",
            "priority": 0
        },
        "courseType": {
            "title": "Main Course",
            "description": "",
            "image": "",
            "priority": 0
        },
        "special": {
            "title": "",
            "description": "",
            "transcript": "",
            "policy": "",
            "image": "",
            "voucher": "",
            "beginTime": "00:00:00",
            "remainingTime": 0,
            "amount": 0,
            "percentage": 0,
            "limit": 0,
            "value": 0,
            "quantity": 0
        },
        "rewards": []
    },
    {
        "id": "1fedff8f-36be-4335-67e7-08d687252175",
        "title": "California Chicken Salad",
        "subTitle": "White meat chicken full of veggies, and side of choice of dressing",
        "description": "",
        "ingredients": "White meat chicken, avocado, feta cheese, carrots, bell peppers, tomatoes, broccoli, lettuce, croutons, pasta",
        "minimumCalorie": 820,
        "maximumCalorie": 1740,
        "preparation": 25,
        "delivery": 0,
        "image": "https://cdn.opeqe.com/image/menu/s/4.jpg",
        "gallery": "",
        "price": 13.8,
        "fee": 0,
        "rate": 0,
        "isAcceptingDelivery": false,
        "isAcceptingPickup": true,
        "isFavorite": false,
        "isCatering": false,
        "isAvailable": true,
        "cuisineType": {
            "title": "American",
            "description": "",
            "image": "",
            "priority": 1
        },
        "mealType": {
            "title": "Lunch & Dinner",
            "description": "",
            "image": "",
            "priority": 0
        },
        "menuType": {
            "title": "Salad",
            "description": "",
            "image": "",
            "priority": 0
        },
        "courseType": {
            "title": "Main Course",
            "description": "",
            "image": "",
            "priority": 0
        },
        "special": {
            "title": "",
            "description": "",
            "transcript": "",
            "policy": "",
            "image": "",
            "voucher": "",
            "beginTime": "00:00:00",
            "remainingTime": 0,
            "amount": 0,
            "percentage": 0,
            "limit": 0,
            "value": 0,
            "quantity": 0
        },
        "rewards": []
    },
    {
        "id": "00ee0094-39ce-4d25-67ed-08d687252175",
        "title": "Pad Thai",
        "subTitle": "With egg, bean sprouts, peanut, and green onion",
        "description": "",
        "ingredients": "",
        "minimumCalorie": 860,
        "maximumCalorie": 1200,
        "preparation": 25,
        "delivery": 0,
        "image": "https://cdn.opeqe.com/image/menu/s/10.jpg",
        "gallery": "",
        "price": 9.99,
        "fee": 0,
        "rate": 0,
        "isAcceptingDelivery": false,
        "isAcceptingPickup": true,
        "isFavorite": false,
        "isCatering": false,
        "isAvailable": true,
        "cuisineType": {
            "title": "Thai",
            "description": "",
            "image": "",
            "priority": 1
        },
        "mealType": {
            "title": "Lunch & Dinner",
            "description": "",
            "image": "",
            "priority": 0
        },
        "menuType": {
            "title": "Seafood",
            "description": "",
            "image": "",
            "priority": 0
        },
        "courseType": {
            "title": "Main Course",
            "description": "",
            "image": "",
            "priority": 0
        },
        "special": {
            "title": "",
            "description": "",
            "transcript": "",
            "policy": "",
            "image": "",
            "voucher": "",
            "beginTime": "00:00:00",
            "remainingTime": 0,
            "amount": 0,
            "percentage": 0,
            "limit": 0,
            "value": 0,
            "quantity": 0
        },
        "rewards": []
    },
    {
        "id": "8657273f-bb10-453a-67ee-08d687252175",
        "title": "Quarter Dark and Leg",
        "subTitle": "This juicy dark meat plate comes with a rotisserie chicken thigh and leg, and our delicious hand sliced tomatoe",
        "description": "",
        "ingredients": "",
        "minimumCalorie": 1800,
        "maximumCalorie": 2600,
        "preparation": 40,
        "delivery": 0,
        "image": "https://cdn.opeqe.com/image/menu/s/11.jpg",
        "gallery": "",
        "price": 16.67,
        "fee": 0,
        "rate": 0,
        "isAcceptingDelivery": false,
        "isAcceptingPickup": true,
        "isFavorite": false,
        "isCatering": false,
        "isAvailable": true,
        "cuisineType": {
            "title": "American",
            "description": "",
            "image": "",
            "priority": 1
        },
        "mealType": {
            "title": "Lunch & Dinner",
            "description": "",
            "image": "",
            "priority": 0
        },
        "menuType": {
            "title": "Fastfood",
            "description": "",
            "image": "",
            "priority": 0
        },
        "courseType": {
            "title": "Main Course",
            "description": "",
            "image": "",
            "priority": 0
        },
        "special": {
            "title": "",
            "description": "",
            "transcript": "",
            "policy": "",
            "image": "",
            "voucher": "",
            "beginTime": "00:00:00",
            "remainingTime": 0,
            "amount": 0,
            "percentage": 0,
            "limit": 0,
            "value": 0,
            "quantity": 0
        },
        "rewards": []
    }
]